<application>
  <component name="FileTypeManager" version="18">
    <ignoreFiles list="*$py.class;*.pyc;*.pyo;*.rbc;*.yarb;*~;.DS_Store;.git;.hg;.svn;CVS;__pycache__;_svn;vssver.scc;vssver2.scc" />
    <extensionMap>
      <mapping pattern="28102020.md" type="AUTO_DETECTED" />
      <mapping pattern="notes" type="AUTO_DETECTED" />
      <mapping pattern="Procfile" type="AUTO_DETECTED" />
      <mapping pattern="no_28102020.md" type="AUTO_DETECTED" />
      <mapping pattern="inverter_guide_no.svg" type="AUTO_DETECTED" />
      <mapping pattern="leasing-terms-no-2020.js" type="AUTO_DETECTED" />
      <mapping pattern="test_action.yml" type="AUTO_DETECTED" />
      <mapping pattern="cleaned_urls_we_care_about.txt" type="AUTO_DETECTED" />
      <mapping pattern="LICENSE" type="AUTO_DETECTED" />
      <mapping pattern="companyLogoItem.js" type="AUTO_DETECTED" />
      <mapping pattern="example.py" type="AUTO_DETECTED" />
      <mapping pattern="classvar_example" type="AUTO_DETECTED" />
      <mapping pattern="function_definition_template" type="AUTO_DETECTED" />
      <mapping pattern="table_of_content.rst" type="AUTO_DETECTED" />
      <mapping pattern="celerybeat-schedule" type="AUTO_DETECTED" />
      <mapping pattern="temp" type="AUTO_DETECTED" />
      <mapping pattern="leasing-terms-no-2020" type="AUTO_DETECTED" />
      <mapping pattern="simplefaq.js" type="AUTO_DETECTED" />
      <mapping pattern="cleaned_urls_we_care_about" type="AUTO_DETECTED" />
      <mapping pattern="cleaned_never_hit" type="AUTO_DETECTED" />
      <mapping pattern="cleaned_never_hit.txt" type="AUTO_DETECTED" />
      <mapping pattern="x" type="AUTO_DETECTED" />
      <mapping pattern="y" type="AUTO_DETECTED" />
      <mapping pattern="classvar_example.py" type="AUTO_DETECTED" />
      <mapping pattern="test_tyo102.py" type="AUTO_DETECTED" />
      <mapping pattern="still_inefficient_but_cluttered.yml" type="AUTO_DETECTED" />
      <mapping pattern="Dockerfile.*" type="Dockerfile" />
      <mapping pattern=".mypy_cahce" type="Eleventy File" />
      <mapping pattern=".pytest_cache" type="Eleventy File" />
      <mapping pattern="fr_18012019.md" type="Markdown" />
      <mapping pattern="pre-commit" type="PLAIN_TEXT" />
      <mapping pattern=".flake8" type="PLAIN_TEXT" />
      <mapping pattern=".coveragerc" type="PLAIN_TEXT" />
      <mapping pattern="and.go" type="PLAIN_TEXT" />
      <mapping pattern="inverter_guid_background" type="PLAIN_TEXT" />
      <mapping pattern=".test_durations" type="PLAIN_TEXT" />
      <mapping pattern=".codecov.yml" type="PLAIN_TEXT" />
      <mapping pattern=".git-blame-ignore-revs" type="PLAIN_TEXT" />
      <mapping pattern="coil.go" type="PLAIN_TEXT" />
      <mapping pattern=".mypy" type="PLAIN_TEXT" />
      <mapping pattern="buildconfig" type="PLAIN_TEXT" />
      <mapping pattern="pre-commit.sh" type="PLAIN_TEXT" />
      <mapping ext="ocr" type="PLAIN_TEXT" />
      <mapping ext="in" type="PLAIN_TEXT" />
      <mapping ext="bytesio object at 0x11d1d1180&gt;" type="PLAIN_TEXT" />
      <mapping ext="ttf" type="PLAIN_TEXT" />
      <mapping ext="typed" type="PLAIN_TEXT" />
      <mapping ext="tpl" type="PLAIN_TEXT" />
      <mapping ext="pkl" type="PLAIN_TEXT" />
      <mapping ext="whl" type="PLAIN_TEXT" />
      <mapping ext="br" type="PLAIN_TEXT" />
      <mapping ext="log" type="PLAIN_TEXT" />
      <mapping ext="gz" type="PLAIN_TEXT" />
      <mapping ext="mo" type="PLAIN_TEXT" />
      <mapping ext="conf" type="PLAIN_TEXT" />
      <mapping ext="eot" type="PLAIN_TEXT" />
      <mapping ext="cfg" type="PLAIN_TEXT" />
      <mapping pattern="performance_testing.py" type="Python" />
      <mapping pattern="example" type="Python" />
      <mapping pattern="pre-push" type="Shell Script" />
      <mapping pattern="inverter_guid_background.svg" type="yarn.lock" />
      <removed_mapping ext="cfg" approved="true" type="Ini" />
      <removed_mapping ext="ignore" approved="true" type="IgnoreLang file" />
      <removed_mapping ext="ini" approved="true" type="PLAIN_TEXT" />
      <removed_mapping ext="tf" approved="true" type="PLAIN_TEXT" />
      <removed_mapping pattern=".dockerignore" approved="true" type="Docker File" />
      <removed_mapping pattern=".env" approved="true" type=".env file" />
      <removed_mapping pattern=".mypy_cache" approved="true" type="Darcs File" />
      <removed_mapping pattern=".prettierignore" approved="true" type="Prettier File" />
    </extensionMap>
  </component>
</application>