<application>
  <component name="FindSettings">
    <option name="caseSensitive" value="true" />
    <option name="customScope" value="All Places" />
    <option name="defaultScopeName" value="All Places" />
    <option name="CASE_SENSITIVE_SEARCH" value="true" />
    <option name="SEARCH_SCOPE" value="All Places" />
    <mask>*.toml</mask>
    <mask>models.py</mask>
    <mask>*py</mask>
    <mask>*js</mask>
    <mask>!*.po*</mask>
    <mask>!*.po*&amp;!*.json</mask>
    <mask>!*.json</mask>
    <mask>*.yaml</mask>
    <mask>*.js</mask>
    <mask>*.css</mask>
    <mask>*.xml</mask>
    <mask>*.pyw</mask>
    <mask>!*.py</mask>
    <mask>*.scss</mask>
    <mask>*.html</mask>
    <mask>*.py</mask>
  </component>
</application>