<application>
  <component name="SourceryConfigService">
    <option name="metricsEnabled" value="false" />
    <option name="pluginVersion" value="0.10.3" />
    <option name="sourceryExecutable" value="$APPLICATION_PLUGINS_DIR$/sourcery/sourcery_binaries/install/mac/sourcery" />
    <option name="sourceryProductName" value="Free" />
    <option name="sourceryToken" value="user_7V5Bg0Fd6mesIPpA_JalDt6ss1ABO3b87NLb4xyWMTv3rKsZABko4TWzWoo" />
    <option name="sourceryVersion" value="0.10.3" />
  </component>
</application>