<application>
  <component name="KeyboardSettings">
    <option name="enabled" value="true" />
  </component>
  <component name="UISettings">
    <option name="DISABLE_MNEMONICS" value="false" />
    <option name="EDITOR_AA_TYPE" value="Greyscale" />
    <option name="IDE_AA_TYPE" value="Greyscale" />
    <option name="OVERRIDE_NONIDEA_LAF_FONTS" value="true" />
    <option name="showTreeIndentGuides" value="true" />
    <option name="CONTRAST_SCROLLBARS" value="true" />
  </component>
</application>