<keymap version="1" name="IntelliJ IDEA Classic copy" parent="Mac OS X">
  <action id="ActivateFavoritesToolWindow" />
  <action id="ActivatePythonConsoleToolWindow">
    <keyboard-shortcut first-keystroke="meta 2" />
  </action>
  <action id="ActivateTerminalToolWindow">
    <keyboard-shortcut first-keystroke="alt f12" />
    <keyboard-shortcut first-keystroke="meta t" />
  </action>
  <action id="Back">
    <keyboard-shortcut first-keystroke="meta alt left" />
    <mouse-shortcut keystroke="button4" />
    <keyboard-shortcut first-keystroke="alt tab" />
  </action>
  <action id="CloseContent">
    <keyboard-shortcut first-keystroke="meta f4" />
    <keyboard-shortcut first-keystroke="meta w" />
  </action>
  <action id="CommentByLineComment">
    <keyboard-shortcut first-keystroke="meta slash" />
    <keyboard-shortcut first-keystroke="meta divide" />
    <keyboard-shortcut first-keystroke="alt 1" />
  </action>
  <action id="ConvertToUnixLineSeparators">
    <keyboard-shortcut first-keystroke="shift alt slash" />
  </action>
  <action id="DuplicatesForm.SendToRight" />
  <action id="EditorCloneCaretAbove">
    <keyboard-shortcut first-keystroke="meta up" />
  </action>
  <action id="EditorCloneCaretBelow">
    <keyboard-shortcut first-keystroke="meta down" />
  </action>
  <action id="EditorLineEnd">
    <keyboard-shortcut first-keystroke="end" />
    <keyboard-shortcut first-keystroke="meta right" />
    <keyboard-shortcut first-keystroke="alt e" />
  </action>
  <action id="EditorLineStart">
    <keyboard-shortcut first-keystroke="home" />
    <keyboard-shortcut first-keystroke="meta left" />
    <keyboard-shortcut first-keystroke="alt q" />
  </action>
  <action id="EditorScrollDown" />
  <action id="EditorScrollUp" />
  <action id="EditorSelectWord" />
  <action id="FileChooser.GotoProject" />
  <action id="GotoTest" />
  <action id="HippieBackwardCompletion" />
  <action id="MethodOverloadSwitchDown" />
  <action id="MethodOverloadSwitchUp" />
  <action id="NewScratchFile">
    <keyboard-shortcut first-keystroke="shift ctrl n" />
    <keyboard-shortcut first-keystroke="shift alt s" />
  </action>
  <action id="NextSplitter" />
  <action id="ReopenClosedTab">
    <keyboard-shortcut first-keystroke="shift meta t" />
  </action>
  <action id="SearchEverywhere.NavigateToNextGroup">
    <keyboard-shortcut first-keystroke="page_down" />
  </action>
  <action id="SearchEverywhere.NavigateToPrevGroup">
    <keyboard-shortcut first-keystroke="page_up" />
  </action>
  <action id="ServiceView.ShowServices" />
  <action id="SurroundWithLiveTemplate" />
  <action id="Terminal.NextSplitter" />
  <action id="Terminal.SmartCommandExecution.Run" />
  <action id="Tool_External Tools_Black">
    <keyboard-shortcut first-keystroke="meta alt j" />
  </action>
  <action id="Vcs.UpdateProject" />
  <action id="context.save" />
  <action id="performancePlugin.ShowMemoryDialogAction">
    <keyboard-shortcut first-keystroke="ctrl meta alt k" />
  </action>
</keymap>