<profile version="1.0">
  <option name="myName" value="Default" />
  <inspection_tool class="Eslint" enabled="true" level="WARNING" enabled_by_default="true" />
  <inspection_tool class="HtmlUnknownAttribute" enabled="true" level="WARNING" enabled_by_default="true">
    <option name="myValues">
      <value>
        <list size="2">
          <item index="0" class="java.lang.String" itemvalue="installer-id" />
          <item index="1" class="java.lang.String" itemvalue="status" />
        </list>
      </value>
    </option>
    <option name="myCustomValuesEnabled" value="true" />
  </inspection_tool>
  <inspection_tool class="JSUnresolvedFunction" enabled="false" level="WEAK WARNING" enabled_by_default="false" />
  <inspection_tool class="PyAttributeOutsideInitInspection" enabled="false" level="WEAK WARNING" enabled_by_default="false" />
  <inspection_tool class="PyCompatibilityInspection" enabled="false" level="WARNING" enabled_by_default="false">
    <option name="ourVersions">
      <value>
        <list size="4">
          <item index="0" class="java.lang.String" itemvalue="3.7" />
          <item index="1" class="java.lang.String" itemvalue="3.8" />
          <item index="2" class="java.lang.String" itemvalue="3.9" />
          <item index="3" class="java.lang.String" itemvalue="3.10" />
        </list>
      </value>
    </option>
  </inspection_tool>
  <inspection_tool class="PyMissingTypeHintsInspection" enabled="true" level="WEAK WARNING" enabled_by_default="true" />
  <inspection_tool class="PyPackageRequirementsInspection" enabled="true" level="WARNING" enabled_by_default="true">
    <option name="ignoredPackages">
      <value>
        <list size="19">
          <item index="0" class="java.lang.String" itemvalue="six" />
          <item index="1" class="java.lang.String" itemvalue="asyncpg" />
          <item index="2" class="java.lang.String" itemvalue="graphql-core" />
          <item index="3" class="java.lang.String" itemvalue="ariadne" />
          <item index="4" class="java.lang.String" itemvalue="psycopg2-binary" />
          <item index="5" class="java.lang.String" itemvalue="asgiref" />
          <item index="6" class="java.lang.String" itemvalue="typing-extensions" />
          <item index="7" class="java.lang.String" itemvalue="rfc3986" />
          <item index="8" class="java.lang.String" itemvalue="click" />
          <item index="9" class="java.lang.String" itemvalue="sniffio" />
          <item index="10" class="java.lang.String" itemvalue="starlette" />
          <item index="11" class="java.lang.String" itemvalue="certifi" />
          <item index="12" class="java.lang.String" itemvalue="urllib3" />
          <item index="13" class="java.lang.String" itemvalue="databases" />
          <item index="14" class="java.lang.String" itemvalue="python-dateutil" />
          <item index="15" class="java.lang.String" itemvalue="anyio" />
          <item index="16" class="java.lang.String" itemvalue="sentry_sdk" />
          <item index="17" class="java.lang.String" itemvalue="uvloop" />
          <item index="18" class="java.lang.String" itemvalue="sqlalchemy" />
        </list>
      </value>
    </option>
  </inspection_tool>
  <inspection_tool class="PyPep8Inspection" enabled="true" level="WEAK WARNING" enabled_by_default="true">
    <option name="ignoredErrors">
      <list>
        <option value="E402" />
      </list>
    </option>
  </inspection_tool>
  <inspection_tool class="PyProtectedMemberInspection" enabled="false" level="WEAK WARNING" enabled_by_default="false" />
  <inspection_tool class="PyUnresolvedReferencesInspection" enabled="true" level="WARNING" enabled_by_default="true">
    <option name="ignoredIdentifiers">
      <list>
        <option value="object.get_initial" />
        <option value="django.db.models.fields.related.ManyToManyField.add" />
        <option value="django.db.models.fields.related.ManyToManyField.remove" />
        <option value="django.db.models.fields.related.ManyToManyField.all" />
        <option value="rest_framework.response.Response.request" />
        <option value="cloud.priceengine.markups.BaseMarkup.__or__" />
        <option value="importlib_metadata" />
        <option value="type.*" />
      </list>
    </option>
  </inspection_tool>
  <inspection_tool class="SqlNoDataSourceInspection" enabled="false" level="WARNING" enabled_by_default="false" />
</profile>